#{"t_start": 1764259889.1480849, "env_id": "PandaReach-v3"}
r,l,t
-50.0,50,0.734599
-50.0,50,0.853698
-50.0,50,0.969326
-3.0,4,0.978158
-50.0,50,1.091621
-50.0,50,1.212033
-50.0,50,1.327754
-50.0,50,1.446746
-50.0,50,1.561248
-50.0,50,1.675494
-50.0,50,1.794109
-50.0,50,1.908556
-50.0,50,2.02405
-50.0,50,2.13895
-50.0,50,2.260135
-50.0,50,2.379135
-50.0,50,2.4928
-50.0,50,2.60558
-8.0,9,2.62595
-50.0,50,2.744936
-20.0,21,2.790982
-50.0,50,2.907635
-50.0,50,3.024001
-42.0,43,3.126634
-50.0,50,3.246027
-50.0,50,3.358564
-42.0,43,3.458427
-50.0,50,3.576729
-9.0,10,3.601068
-50.0,50,3.715149
-50.0,50,3.828533
-50.0,50,3.94629
-3.0,4,3.954762
-50.0,50,4.067973
-50.0,50,4.188833
-17.0,18,4.230053
-50.0,50,4.339606
-50.0,50,4.450168
-50.0,50,4.571208
-6.0,7,4.58693
-50.0,50,4.705696
0.0,1,4.708358
-50.0,50,4.829181
-50.0,50,4.93943
-50.0,50,5.05755
-50.0,50,5.170269
-50.0,50,5.287813
-50.0,50,6.289831
-50.0,50,6.405739
-50.0,50,6.522795
-50.0,50,6.634386
-50.0,50,6.747748
-50.0,50,6.869155
-50.0,50,6.983377
-50.0,50,7.100267
-50.0,50,7.211731
-50.0,50,7.329888
-14.0,15,7.362537
-50.0,50,7.478387
-50.0,50,7.596106
-50.0,50,7.731718
-50.0,50,7.86137
-50.0,50,7.985745
-50.0,50,8.110494
-50.0,50,8.226597
-50.0,50,8.345778
-50.0,50,8.459196
-50.0,50,8.573332
-50.0,50,8.688884
-50.0,50,8.804006
-50.0,50,8.921586
-50.0,50,9.038522
-50.0,50,9.149897
-50.0,50,9.265061
-50.0,50,9.388282
-50.0,50,9.503168
-50.0,50,9.615251
-50.0,50,9.732728
-50.0,50,9.847022
-50.0,50,9.963978
-50.0,50,10.074878
-18.0,19,10.117145
-50.0,50,10.23153
-50.0,50,10.349776
-50.0,50,10.464094
-50.0,50,10.571948
-50.0,50,10.686114
-50.0,50,10.80173
-8.0,9,10.82193
-50.0,50,10.931691
-50.0,50,11.901091
-50.0,50,12.015695
-50.0,50,12.135282
-50.0,50,12.257785
-1.0,2,12.26287
-50.0,50,12.379283
-50.0,50,12.497229
-50.0,50,12.616505
-50.0,50,12.73615
-50.0,50,12.850247
-42.0,43,12.950238
-50.0,50,13.067593
-50.0,50,13.180906
-12.0,13,13.21309
-50.0,50,13.326163
-50.0,50,13.441847
-50.0,50,13.559517
-50.0,50,13.675037
-50.0,50,13.790767
-50.0,50,13.911666
-8.0,9,13.930876
-2.0,3,13.936805
-50.0,50,14.397281
-50.0,50,14.51432
-50.0,50,14.628352
-50.0,50,14.739136
-50.0,50,14.850555
-50.0,50,14.96904
-50.0,50,15.079058
-50.0,50,15.189417
-50.0,50,15.300661
-50.0,50,15.42474
-50.0,50,15.540879
-50.0,50,15.654563
-50.0,50,15.768419
-50.0,50,15.884501
-50.0,50,16.00296
-2.0,3,16.009628
-50.0,50,16.125806
-36.0,37,16.210495
-50.0,50,16.325638
-30.0,31,16.398149
-50.0,50,16.510986
-2.0,3,16.517536
0.0,1,16.519969
-50.0,50,16.631468
-50.0,50,16.749803
-50.0,50,16.861258
-50.0,50,17.839462
-50.0,50,17.962617
-50.0,50,18.075021
-50.0,50,18.184006
-50.0,50,18.296569
-50.0,50,18.414823
-50.0,50,18.532219
-50.0,50,18.65246
-50.0,50,18.7637
-50.0,50,18.87621
-50.0,50,18.995913
-50.0,50,19.116495
-50.0,50,19.223847
-50.0,50,19.337195
0.0,1,19.339474
-50.0,50,19.453402
-50.0,50,19.563106
-50.0,50,19.675092
-50.0,50,19.788319
-50.0,50,19.902573
-50.0,50,20.021753
-50.0,50,20.136804
-50.0,50,20.249889
-50.0,50,20.36347
-50.0,50,20.477329
-50.0,50,20.593359
-50.0,50,20.707109
-50.0,50,20.825253
-50.0,50,20.941228
-50.0,50,21.058011
-50.0,50,21.178096
-50.0,50,21.29249
-50.0,50,21.409312
-50.0,50,21.529035
-50.0,50,21.640824
-6.0,7,21.657817
-19.0,20,21.70408
-50.0,50,21.835063
-50.0,50,21.94883
-3.0,4,21.959613
-50.0,50,22.073825
-50.0,50,22.188079
-50.0,50,22.296402
-50.0,50,22.412003
-50.0,50,22.523325
-3.0,4,22.531992
0.0,1,22.534733
-50.0,50,23.522152
-50.0,50,23.635311
-50.0,50,23.757896
-50.0,50,23.87029
-50.0,50,23.991079
-50.0,50,24.105715
-50.0,50,24.214836
-50.0,50,24.324188
-50.0,50,24.439857
-50.0,50,24.551406
-21.0,22,24.599583
-50.0,50,24.71672
-50.0,50,24.829178
-50.0,50,24.944827
-50.0,50,25.055856
-50.0,50,25.169709
-16.0,17,25.210801
-50.0,50,25.325757
-50.0,50,25.442634
-50.0,50,25.560117
-50.0,50,25.671758
-13.0,14,25.702366
-3.0,4,25.711548
-50.0,50,25.82667
-50.0,50,25.933626
-11.0,12,25.958729
-50.0,50,26.06782
-50.0,50,26.182081
-50.0,50,26.295995
-50.0,50,26.406866
-50.0,50,26.520852
-50.0,50,26.636008
-50.0,50,26.752057
-2.0,3,26.760419
-50.0,50,26.879163
-50.0,50,27.000057
-50.0,50,27.111364
-50.0,50,27.233212
-50.0,50,27.344872
-6.0,7,27.359626
-50.0,50,27.468307
-50.0,50,27.829849
-50.0,50,27.940846
-50.0,50,28.052618
-11.0,12,28.081285
-50.0,50,28.189381
-50.0,50,28.301179
-50.0,50,29.276927
-50.0,50,29.388577
-11.0,12,29.414927
-50.0,50,29.525702
-50.0,50,29.639033
-50.0,50,29.750123
-50.0,50,29.8633
-50.0,50,29.977743
-50.0,50,30.090441
-50.0,50,30.203033
-4.0,5,30.213938
-50.0,50,30.33376
-50.0,50,30.447022
-50.0,50,30.560238
-50.0,50,30.673095
-16.0,17,30.711486
-50.0,50,30.819831
-6.0,7,30.835578
-8.0,9,30.854841
-1.0,2,30.859103
-13.0,14,30.890805
-50.0,50,31.003822
-50.0,50,31.118105
-5.0,6,31.132485
-9.0,10,31.154564
-50.0,50,31.262705
-50.0,50,31.372575
-15.0,16,31.409574
-50.0,50,31.521387
-5.0,6,31.534115
-13.0,14,31.565622
-7.0,8,31.582934
-50.0,50,31.692684
-50.0,50,31.807876
-50.0,50,31.927716
-50.0,50,32.041155
-10.0,11,32.066833
-50.0,50,32.178471
-50.0,50,32.294931
-50.0,50,32.409765
-50.0,50,32.526586
-50.0,50,32.6331
-5.0,6,32.645819
-50.0,50,32.761822
-50.0,50,32.875824
-50.0,50,32.993449
-50.0,50,33.102823
-50.0,50,33.216256
-50.0,50,33.335199
-50.0,50,33.451788
-50.0,50,33.567798
-10.0,11,33.591681
-50.0,50,33.703528
-50.0,50,33.816816
-50.0,50,34.810454
-50.0,50,34.919986
-50.0,50,35.031417
-4.0,5,35.041799
-50.0,50,35.149669
-50.0,50,35.259241
-50.0,50,35.379732
-50.0,50,35.499378
-50.0,50,35.615945
-50.0,50,35.732636
-50.0,50,35.847275
-50.0,50,35.961326
-50.0,50,36.075644
-50.0,50,36.191855
-13.0,14,36.222256
-40.0,41,36.312079
-7.0,8,36.331131
-4.0,5,36.341562
-1.0,2,36.345726
-2.0,3,36.351939
-50.0,50,36.462881
-50.0,50,36.575217
-6.0,7,36.590834
-4.0,5,36.600791
-3.0,4,36.609229
-50.0,50,36.718267
-50.0,50,36.831208
-50.0,50,36.942418
-50.0,50,37.054416
-11.0,12,37.080541
-50.0,50,37.192331
-50.0,50,37.301164
-50.0,50,37.415921
-50.0,50,37.528749
-50.0,50,37.641148
-3.0,4,37.649949
-11.0,12,37.676609
-2.0,3,37.682772
-2.0,3,37.689097
-5.0,6,37.702213
-2.0,3,37.709159
-50.0,50,37.820401
-50.0,50,37.929725
-50.0,50,38.042242
-7.0,8,38.060267
-13.0,14,38.092019
-50.0,50,38.202498
-50.0,50,38.308927
-50.0,50,38.425718
-50.0,50,38.537964
-50.0,50,38.648809
-50.0,50,38.756245
-5.0,6,38.76842
-50.0,50,38.881054
-50.0,50,38.99172
-50.0,50,39.10459
-6.0,7,39.121312
-3.0,4,39.130049
-50.0,50,39.238794
-50.0,50,40.207108
-50.0,50,40.320449
-2.0,3,40.328677
-2.0,3,40.33494
-5.0,6,40.348092
-50.0,50,40.459573
-50.0,50,40.566867
-50.0,50,40.680261
-50.0,50,40.797337
-50.0,50,40.911257
-5.0,6,40.925844
-50.0,50,41.039288
-50.0,50,41.148118
-20.0,21,41.198235
-50.0,50,41.30467
-50.0,50,41.412093
-50.0,50,41.522635
-7.0,8,41.539909
-50.0,50,41.980894
-50.0,50,42.089642
-13.0,14,42.120917
-7.0,8,42.137849
-50.0,50,42.253903
-10.0,11,42.277498
-50.0,50,42.386571
-2.0,3,42.393479
-50.0,50,42.503788
-50.0,50,42.614415
-13.0,14,42.644333
-2.0,3,42.650946
-50.0,50,42.762018
-50.0,50,42.866816
-50.0,50,42.972771
-5.0,6,42.986035
-15.0,16,43.019707
-50.0,50,43.129162
-50.0,50,43.241952
-14.0,15,43.27502
-19.0,20,43.317107
-1.0,2,43.32146
-11.0,12,43.346786
-50.0,50,43.467966
-50.0,50,43.572548
-7.0,8,43.589471
-50.0,50,43.698114
-3.0,4,43.706591
-50.0,50,43.814478
-13.0,14,43.846731
-50.0,50,43.953405
-50.0,50,44.061692
-3.0,4,44.070548
-50.0,50,44.176216
-50.0,50,44.28363
-12.0,13,44.310603
-17.0,18,44.352972
-50.0,50,44.46443
-50.0,50,44.571057
-4.0,5,44.581964
-50.0,50,44.69311
-50.0,50,44.801828
-50.0,50,44.913859
-50.0,50,45.898469
-50.0,50,46.008003
-50.0,50,46.113651
-50.0,50,46.22181
-50.0,50,46.33506
-50.0,50,46.445623
-13.0,14,46.474145
-50.0,50,46.586064
-6.0,7,46.601653
-6.0,7,46.617389
-19.0,20,46.660909
-50.0,50,46.765215
-50.0,50,46.871197
-4.0,5,46.88265
0.0,1,46.884866
-50.0,50,46.990535
-3.0,4,46.999062
0.0,1,47.00115
-7.0,8,47.017901
-2.0,3,47.024123
-50.0,50,47.137862
-50.0,50,47.247183
-50.0,50,47.35517
-50.0,50,47.461743
-50.0,50,47.57123
-2.0,3,47.577843
-9.0,10,47.600774
-4.0,5,47.611514
-50.0,50,47.715185
-50.0,50,47.828785
-5.0,6,47.841309
-6.0,7,47.855574
-50.0,50,47.964981
-22.0,23,48.016493
-10.0,11,48.040595
-50.0,50,48.149825
-50.0,50,48.257388
-11.0,12,48.282974
-50.0,50,48.397664
-50.0,50,48.516198
-6.0,7,48.531237
-3.0,4,48.540783
-3.0,4,48.549547
-3.0,4,48.558601
-50.0,50,48.667459
-4.0,5,48.67921
-5.0,6,48.691611
0.0,1,48.693807
-22.0,23,48.742886
0.0,1,48.745093
-27.0,28,48.803157
-11.0,12,48.829335
-6.0,7,48.844889
-2.0,3,48.850846
-50.0,50,48.961818
-50.0,50,49.068407
-5.0,6,49.081248
-14.0,15,49.11477
-8.0,9,49.135115
-50.0,50,49.239731
-3.0,4,49.248008
-50.0,50,49.357608
-31.0,32,49.425965
-50.0,50,49.531802
-13.0,14,49.562625
-3.0,4,49.571242
-50.0,50,49.682168
-50.0,50,49.789984
0.0,1,49.792192
-50.0,50,49.899791
-50.0,50,50.012652
-50.0,50,50.125212
-4.0,5,50.136099
-14.0,15,50.168669
-50.0,50,50.280988
-50.0,50,51.261249
-7.0,8,51.279095
-6.0,7,51.293269
-7.0,8,51.311964
0.0,1,51.314042
-39.0,40,51.405834
-50.0,50,51.510562
-4.0,5,51.521982
-1.0,2,51.526312
-3.0,4,51.535606
-50.0,50,51.641835
-13.0,14,51.670035
-7.0,8,51.685944
-4.0,5,51.696391
-6.0,7,51.711898
-6.0,7,51.727107
-50.0,50,51.835653
-50.0,50,51.938173
-3.0,4,51.946894
-10.0,11,51.969988
-3.0,4,51.97829
-50.0,50,52.086485
-3.0,4,52.095019
-50.0,50,52.203435
-50.0,50,52.31306
-9.0,10,52.336018
-9.0,10,52.356585
-50.0,50,52.461726
-2.0,3,52.468475
-50.0,50,52.574025
-50.0,50,52.679574
-50.0,50,52.787032
-5.0,6,52.800007
-50.0,50,52.906683
-50.0,50,53.020524
-50.0,50,53.12781
-14.0,15,53.159059
-3.0,4,53.167365
-2.0,3,53.174081
-50.0,50,53.278919
-5.0,6,53.290962
-50.0,50,53.395616
-9.0,10,53.417426
-50.0,50,53.525248
-50.0,50,53.631086
-50.0,50,53.738428
-50.0,50,53.843116
-3.0,4,53.852329
-5.0,6,53.865953
-7.0,8,53.882934
-2.0,3,53.890037
-50.0,50,53.993831
-3.0,4,54.002446
-50.0,50,54.111534
-29.0,30,54.174805
-50.0,50,54.281528
-2.0,3,54.288575
-14.0,15,54.323381
-1.0,2,54.327844
-3.0,4,54.336142
-6.0,7,54.352232
-10.0,11,54.37595
-4.0,5,54.38688
-3.0,4,54.396089
-2.0,3,54.402634
0.0,1,54.404627
-50.0,50,54.512294
-50.0,50,54.870475
-5.0,6,54.883667
-9.0,10,54.904632
-2.0,3,54.911155
-50.0,50,55.015865
-8.0,9,55.035233
-50.0,50,55.140759
-50.0,50,55.247306
-50.0,50,55.357287
-7.0,8,55.373745
-12.0,13,55.402489
-50.0,50,55.510159
-6.0,7,55.525294
-3.0,4,55.534148
-8.0,9,55.554217
-9.0,10,55.574942
-16.0,17,55.611989
-50.0,50,55.720668
-50.0,50,55.82367
-4.0,5,55.834109
0.0,1,55.836379
-50.0,50,56.828607
-6.0,7,56.843849
-11.0,12,56.86923
-8.0,9,56.889583
-1.0,2,56.894002
-10.0,11,56.918056
-5.0,6,56.930847
-3.0,4,56.940367
-12.0,13,56.968903
-16.0,17,57.00447
-7.0,8,57.022347
-4.0,5,57.03277
-2.0,3,57.038964
-6.0,7,57.054522
-6.0,7,57.070265
-50.0,50,57.17589
-29.0,30,57.240494
-2.0,3,57.247095
-5.0,6,57.260643
-6.0,7,57.275628
-9.0,10,57.2969
-7.0,8,57.31375
-11.0,12,57.339785
-7.0,8,57.357221
-14.0,15,57.389755
0.0,1,57.391857
-5.0,6,57.403669
-4.0,5,57.413704
-10.0,11,57.437892
-5.0,6,57.452864
-4.0,5,57.463282
-8.0,9,57.482961
-5.0,6,57.494937
-6.0,7,57.509344
-50.0,50,57.613763
-5.0,6,57.627471
-13.0,14,57.657097
-50.0,50,57.765005
-50.0,50,57.873149
-22.0,23,57.922431
-2.0,3,57.928691
-23.0,24,57.980467
-50.0,50,58.083839
-25.0,26,58.139049
-3.0,4,58.146991
-5.0,6,58.159707
-13.0,14,58.194136
-9.0,10,58.216037
-3.0,4,58.224614
-50.0,50,58.331885
-1.0,2,58.336605
-3.0,4,58.344751
-5.0,6,58.357092
-3.0,4,58.365594
-12.0,13,58.394764
-12.0,13,58.424026
-8.0,9,58.444937
-5.0,6,58.457984
-8.0,9,58.476982
-7.0,8,58.49379
-5.0,6,58.506173
-50.0,50,58.608553
-17.0,18,58.649395
-50.0,50,58.754492
-2.0,3,58.760796
-13.0,14,58.790213
-6.0,7,58.805162
-50.0,50,58.909602
-2.0,3,58.916036
0.0,1,58.918186
-1.0,2,58.922313
-3.0,4,58.93047
-6.0,7,58.945115
-23.0,24,58.996267
-1.0,2,59.00066
-5.0,6,59.013887
-4.0,5,59.024471
-50.0,50,59.130684
-10.0,11,59.152738
-50.0,50,59.257302
0.0,1,59.259606
-50.0,50,59.362667
-48.0,49,59.472317
-11.0,12,59.49776
-5.0,6,59.510181
-9.0,10,59.532413
-12.0,13,59.559548
-4.0,5,59.570214
-7.0,8,59.586661
-50.0,50,59.689489
-9.0,10,59.710116
-5.0,6,59.724575
-6.0,7,59.739393
-50.0,50,59.847137
-50.0,50,59.951866
0.0,1,59.954103
-3.0,4,59.962835
-17.0,18,60.002954
-4.0,5,60.013743
-1.0,2,60.017898
-22.0,23,60.067608
-5.0,6,60.080517
-3.0,4,60.089447
-3.0,4,60.098098
-3.0,4,60.106779
-6.0,7,60.121826
-21.0,22,60.166982
-10.0,11,60.18905
-10.0,11,60.213235
-50.0,50,60.319282
-5.0,6,60.331865
0.0,1,60.334384
-24.0,25,60.389566
0.0,1,60.391816
-50.0,50,60.499712
-50.0,50,60.60699
-1.0,2,60.611697
-9.0,10,60.634272
-6.0,7,60.650349
-16.0,17,60.686522
-11.0,12,60.712714
-7.0,8,60.730094
-16.0,17,60.765699
-11.0,12,60.790805
-5.0,6,60.804749
-5.0,6,60.817639
-22.0,23,60.866761
-4.0,5,60.877862
-50.0,50,60.986838
-11.0,12,61.01263
-6.0,7,61.027269
-3.0,4,61.03559
-3.0,4,61.044144
-6.0,7,61.059109
-3.0,4,61.067336
-3.0,4,61.075653
-8.0,9,61.093935
-33.0,34,62.037238
-3.0,4,62.045896
-5.0,6,62.058466
-50.0,50,62.167202
-4.0,5,62.177329
-2.0,3,62.183552
-14.0,15,62.215092
0.0,1,62.217142
-2.0,3,62.223779
-5.0,6,62.237421
-13.0,14,62.266645
-7.0,8,62.284018
-2.0,3,62.291286
-19.0,20,62.333519
-10.0,11,62.355526
-8.0,9,62.374175
-5.0,6,62.386632
-14.0,15,62.418859
-8.0,9,62.437937
-17.0,18,62.476182
-30.0,31,62.542826
-50.0,50,62.650963
-50.0,50,62.756887
-26.0,27,62.814549
-3.0,4,62.823359
-50.0,50,62.930471
-4.0,5,62.941008
-3.0,4,62.949628
-50.0,50,63.056226
-50.0,50,63.162948
-50.0,50,63.268241
-3.0,4,63.277136
-6.0,7,63.291825
-34.0,35,63.368066
-3.0,4,63.376141
-25.0,26,63.434974
-4.0,5,63.445777
-7.0,8,63.463354
-3.0,4,63.471965
-50.0,50,63.577488
-14.0,15,63.608957
-8.0,9,63.62769
-2.0,3,63.634651
-15.0,16,63.668827
-12.0,13,63.698228
-11.0,12,63.723856
0.0,1,63.726007
-12.0,13,63.753821
0.0,1,63.755825
-3.0,4,63.764392
-16.0,17,63.801087
-4.0,5,63.811485
-2.0,3,63.817878
-7.0,8,63.835371
-27.0,28,63.894575
-50.0,50,64.001698
-5.0,6,64.014152
0.0,1,64.016549
0.0,1,64.018824
-3.0,4,64.026944
-5.0,6,64.040009
-5.0,6,64.054347
-50.0,50,64.159099
-1.0,2,64.164014
-3.0,4,64.172222
0.0,1,64.174949
-14.0,15,64.207893
-2.0,3,64.214212
-2.0,3,64.220695
-17.0,18,64.258911
-50.0,50,64.366352
0.0,1,64.368575
-8.0,9,64.388964
-5.0,6,64.401775
-2.0,3,64.408207
-7.0,8,64.424762
-50.0,50,64.531992
-6.0,7,64.546729
-7.0,8,64.563167
-15.0,16,64.597285
-20.0,21,64.641226
-43.0,44,64.73211
-13.0,14,64.761904
-8.0,9,64.781529
-5.0,6,64.794359
-4.0,5,64.805066
-4.0,5,64.815736
-50.0,50,64.9237
-8.0,9,64.9429
-5.0,6,64.955527
-11.0,12,64.980044
-3.0,4,64.98866
-3.0,4,64.996712
-16.0,17,65.033335
-50.0,50,65.142534
-1.0,2,65.146814
-3.0,4,65.154843
-11.0,12,65.180636
-6.0,7,65.195877
-5.0,6,65.20789
-5.0,6,65.220241
-4.0,5,65.230397
-50.0,50,65.335034
-8.0,9,65.353995
-5.0,6,65.366562
-4.0,5,65.377692
-4.0,5,65.389001
-23.0,24,65.440013
-10.0,11,65.463306
-12.0,13,65.491228
-2.0,3,65.498041
-10.0,11,65.521355
-6.0,7,65.536746
-5.0,6,65.549016
-7.0,8,65.565723
-2.0,3,65.572326
-4.0,5,65.583126
-10.0,11,65.606048
-7.0,8,65.622235
-50.0,50,65.728087
-50.0,50,65.835672
0.0,1,65.838198
-50.0,50,65.943321
-6.0,7,65.958567
-5.0,6,65.972392
-8.0,9,65.991136
-13.0,14,66.01995
-1.0,2,66.024306
-7.0,8,66.041655
-6.0,7,66.056338
0.0,1,66.058643
0.0,1,66.060996
-50.0,50,66.166822
-34.0,35,66.242179
-8.0,9,66.261036
-3.0,4,66.269233
-9.0,10,66.289789
-50.0,50,67.264648
-2.0,3,67.270993
-50.0,50,67.375239
-7.0,8,67.392204
-6.0,7,67.406341
0.0,1,67.408531
0.0,1,67.410821
-17.0,18,67.449133
-4.0,5,67.459491
-29.0,30,67.524314
-3.0,4,67.532682
-2.0,3,67.538771
-50.0,50,67.64417
-4.0,5,67.654782
-11.0,12,67.679378
-10.0,11,67.701524
-10.0,11,67.72561
-2.0,3,67.731949
-7.0,8,67.748083
-50.0,50,67.8542
-7.0,8,67.871417
-3.0,4,67.87961
-13.0,14,67.908474
-2.0,3,67.915207
-22.0,23,67.964808
-7.0,8,67.981372
-6.0,7,67.996381
-10.0,11,68.019555
-7.0,8,68.036054
0.0,1,68.038555
-5.0,6,68.052696
-3.0,4,68.061229
-13.0,14,68.09084
-6.0,7,68.105778
-9.0,10,68.127225
-6.0,7,68.213456
-11.0,12,68.239093
-14.0,15,68.27251
-2.0,3,68.278959
-3.0,4,68.287322
-4.0,5,68.298341
-17.0,18,68.336595
-37.0,38,68.419032
-8.0,9,68.437772
-50.0,50,68.543728
-6.0,7,68.559141
-2.0,3,68.565718
-2.0,3,68.572193
-10.0,11,68.596413
-1.0,2,68.600792
-3.0,4,68.608834
-8.0,9,68.628137
-15.0,16,68.663147
-7.0,8,68.680829
-50.0,50,68.785024
-2.0,3,68.791411
-3.0,4,68.800028
-7.0,8,68.816859
-4.0,5,68.827825
-4.0,5,68.837973
-3.0,4,68.846559
-8.0,9,68.865378
-16.0,17,68.901228
-5.0,6,68.914157
-10.0,11,68.938325
-8.0,9,68.957752
-1.0,2,68.962316
-22.0,23,69.011489
-12.0,13,69.038552
-3.0,4,69.04719
-1.0,2,69.051312
-2.0,3,69.05749
-9.0,10,69.077915
-2.0,3,69.084159
-4.0,5,69.094124
-10.0,11,69.117076
-5.0,6,69.129822
-29.0,30,69.193934
-3.0,4,69.202396
-1.0,2,69.206703
-3.0,4,69.215025
-5.0,6,69.227358
-50.0,50,69.333899
-7.0,8,69.350783
-21.0,22,69.39866
-6.0,7,69.413853
-2.0,3,69.420145
-15.0,16,69.457402
-10.0,11,69.481151
-3.0,4,69.490542
-50.0,50,69.595878
-3.0,4,69.60496
-50.0,50,69.710299
-6.0,7,69.725185
-11.0,12,69.750463
-8.0,9,69.770119
-8.0,9,69.789544
-19.0,20,69.834012
-5.0,6,69.846258
-16.0,17,69.882231
-7.0,8,69.899073
-50.0,50,70.006366
-50.0,50,70.114577
-20.0,21,70.158559
-1.0,2,70.162827
-9.0,10,70.183608
-3.0,4,70.192048
-4.0,5,70.202925
-1.0,2,70.207248
-4.0,5,70.218761
-16.0,17,70.254755
-6.0,7,70.269659
-5.0,6,70.282507
-2.0,3,70.288653
-29.0,30,70.354137
-5.0,6,70.366919
-5.0,6,70.379326
-26.0,27,70.436183
-8.0,9,70.455526
-12.0,13,70.483295
0.0,1,70.485341
-2.0,3,70.492077
-2.0,3,70.498676
-7.0,8,70.515859
-5.0,6,70.528522
-50.0,50,70.634295
-2.0,3,70.640766
-4.0,5,70.651193
-3.0,4,70.659719
-3.0,4,70.667819
-3.0,4,70.675983
0.0,1,70.678059
-5.0,6,70.69056
-3.0,4,70.699633
-6.0,7,70.714408
-21.0,22,70.760801
-11.0,12,70.786023
-2.0,3,70.792766
0.0,1,70.79484
-1.0,2,70.799264
-9.0,10,70.820552
-6.0,7,70.83559
-3.0,4,70.843718
-12.0,13,70.870802
-8.0,9,70.890545
-6.0,7,70.90506
-12.0,13,70.932582
-3.0,4,70.941161
-29.0,30,71.003211
-1.0,2,71.007261
-18.0,19,71.044223
-9.0,10,71.066585
-50.0,50,71.172081
-7.0,8,71.189555
-8.0,9,71.209277
-11.0,12,71.234137
-2.0,3,71.240848
-4.0,5,71.251211
-5.0,6,71.263455
-13.0,14,71.293954
-2.0,3,71.30032
-4.0,5,71.311246
-5.0,6,71.323722
-19.0,20,71.36608
-10.0,11,71.389372
-50.0,50,71.495972
-4.0,5,71.506582
-17.0,18,71.544599
-1.0,2,71.549257
-5.0,6,71.561574
-4.0,5,71.572814
-3.0,4,71.581144
-5.0,6,71.593933
-2.0,3,71.600341
-50.0,50,72.591395
-4.0,5,72.601828
-4.0,5,72.612741
-2.0,3,72.619843
-1.0,2,72.623929
-2.0,3,72.630361
-12.0,13,72.65766
-7.0,8,72.674897
-14.0,15,72.707569
-6.0,7,72.723559
-5.0,6,72.736276
-1.0,2,72.740484
-3.0,4,72.74892
-19.0,20,72.793129
-5.0,6,72.805714
-1.0,2,72.810039
-9.0,10,72.831565
-50.0,50,72.938412
-6.0,7,72.953398
-2.0,3,72.959591
-6.0,7,72.974016
-1.0,2,72.978468
-3.0,4,72.987156
-11.0,12,73.01256
-8.0,9,73.03231
-3.0,4,73.041087
-47.0,48,73.144354
-4.0,5,73.154287
-50.0,50,73.261696
-5.0,6,73.275103
-6.0,7,73.290633
-12.0,13,73.317257
-11.0,12,73.342734
-6.0,7,73.357565
-17.0,18,73.395726
-12.0,13,73.423808
-50.0,50,73.529017
-31.0,32,73.597181
-1.0,2,73.601643
-5.0,6,73.614748
-13.0,14,73.644546
-5.0,6,73.657695
-6.0,7,73.672273
-7.0,8,73.688851
-16.0,17,73.725088
-6.0,7,73.740053
-3.0,4,73.748657
-5.0,6,73.761634
-4.0,5,73.772021
-25.0,26,73.826917
-5.0,6,73.839397
-8.0,9,73.858596
-3.0,4,73.86762
-5.0,6,73.879855
-4.0,5,73.89047
-4.0,5,73.900939
-9.0,10,73.922578
-6.0,7,73.937351
-3.0,4,73.945986
-3.0,4,73.954891
-4.0,5,73.965956
-6.0,7,73.980821
-6.0,7,73.995475
-3.0,4,74.003851
-10.0,11,74.027064
-8.0,9,74.046366
-4.0,5,74.057187
-10.0,11,74.081078
-12.0,13,74.109456
-3.0,4,74.118034
-4.0,5,74.12865
-8.0,9,74.147466
-2.0,3,74.154143
-4.0,5,74.164827
-3.0,4,74.172773
-6.0,7,74.187208
-6.0,7,74.202399
-5.0,6,74.215517
-21.0,22,74.263485
-4.0,5,74.274267
-5.0,6,74.286766
-8.0,9,74.305398
-50.0,50,74.412735
-1.0,2,74.417407
-5.0,6,74.429728
-6.0,7,74.444611
-3.0,4,74.453714
-2.0,3,74.460263
-3.0,4,74.469609
-2.0,3,74.475746
-1.0,2,74.48011
-7.0,8,74.496296
-1.0,2,74.500484
-31.0,32,74.568614
-2.0,3,74.575044
-2.0,3,74.581333
-3.0,4,74.589437
-4.0,5,74.599676
-6.0,7,74.61463
-6.0,7,74.629469
-17.0,18,74.667005
0.0,1,74.669427
-3.0,4,74.678221
-8.0,9,74.69777
-3.0,4,74.706489
-5.0,6,74.718732
-5.0,6,74.730951
-10.0,11,74.754689
-24.0,25,74.807265
-5.0,6,74.81953
-5.0,6,74.832393
0.0,1,74.834441
-14.0,15,74.866404
-7.0,8,74.88362
-9.0,10,74.904598
-21.0,22,74.950846
-7.0,8,74.967847
-5.0,6,74.98062
-4.0,5,74.991647
-50.0,50,75.097773
-1.0,2,75.101941
-5.0,6,75.114217
0.0,1,75.116422
-6.0,7,75.131107
-5.0,6,75.143698
-4.0,5,75.154515
-1.0,2,75.158719
-11.0,12,75.184795
-18.0,19,75.22451
-4.0,5,75.234508
-3.0,4,75.243043
-3.0,4,75.251692
-5.0,6,75.265021
-50.0,50,75.371869
-3.0,4,75.379843
-11.0,12,75.405849
-23.0,24,75.455387
-10.0,11,75.478436
-3.0,4,75.486701
-7.0,8,75.503888
-4.0,5,75.514657
-15.0,16,75.549394
-8.0,9,75.568538
-5.0,6,75.581549
-50.0,50,75.688313
-5.0,6,75.700677
-14.0,15,75.732878
-35.0,36,75.811109
-6.0,7,75.825829
-5.0,6,75.837785
-4.0,5,75.847871
-15.0,16,75.881734
-3.0,4,75.889922
-8.0,9,75.909098
-4.0,5,75.919285
-12.0,13,75.946328
-2.0,3,75.952766
-6.0,7,75.967529
-6.0,7,75.982525
-5.0,6,75.995035
-50.0,50,76.100817
-21.0,22,76.148756
-5.0,6,76.16128
-1.0,2,76.165497
-30.0,31,76.232366
-5.0,6,76.245515
-5.0,6,76.25908
-3.0,4,76.268226
-2.0,3,76.274411
-15.0,16,76.309451
-25.0,26,76.364235
-3.0,4,76.372837
-5.0,6,76.385374
-3.0,4,76.393873
-16.0,17,76.43024
-7.0,8,76.448124
-3.0,4,76.456992
-3.0,4,76.465632
-7.0,8,76.483681
-6.0,7,76.499283
-13.0,14,76.528942
-1.0,2,76.533777
-23.0,24,76.585482
-5.0,6,76.597975
-13.0,14,76.627306
-5.0,6,76.64007
-6.0,7,76.655801
-10.0,11,76.680376
-27.0,28,76.740179
-11.0,12,76.765743
-2.0,3,76.771891
-3.0,4,76.780552
-12.0,13,76.808329
-8.0,9,76.826849
-6.0,7,76.841275
-2.0,3,76.84758
-2.0,3,76.854245
-50.0,50,77.826681
-2.0,3,77.833314
-4.0,5,77.843708
-11.0,12,77.869649
-10.0,11,77.893341
-4.0,5,77.904541
-1.0,2,77.908779
-1.0,2,77.913097
-5.0,6,77.925665
-13.0,14,77.95482
-14.0,15,77.987106
-3.0,4,77.99631
-7.0,8,78.013609
-1.0,2,78.017821
-5.0,6,78.030439
-2.0,3,78.037314
-50.0,50,78.143939
-3.0,4,78.152549
-3.0,4,78.161096
-3.0,4,78.169765
-5.0,6,78.183087
-5.0,6,78.195374
-3.0,4,78.20472
-2.0,3,78.212094
-1.0,2,78.216549
-10.0,11,78.240355
-5.0,6,78.253766
-6.0,7,78.268781
-2.0,3,78.275325
-6.0,7,78.290546
-1.0,2,78.295179
-6.0,7,78.309953
-9.0,10,78.331991
-7.0,8,78.348907
-3.0,4,78.357569
-16.0,17,78.39251
-10.0,11,78.416399
-8.0,9,78.435411
-5.0,6,78.4481
-4.0,5,78.458179
-5.0,6,78.470744
-6.0,7,78.485765
-3.0,4,78.49404
-4.0,5,78.504853
-4.0,5,78.515194
-3.0,4,78.524029
-1.0,2,78.52876
-2.0,3,78.535288
-16.0,17,78.571787
-3.0,4,78.580426
-3.0,4,78.588684
-2.0,3,78.594829
-5.0,6,78.607248
-5.0,6,78.619549
-1.0,2,78.623925
-7.0,8,78.641049
-5.0,6,78.654106
-4.0,5,78.664403
-11.0,12,78.690299
-24.0,25,78.743332
-3.0,4,78.751568
-10.0,11,78.775708
-14.0,15,78.807771
-1.0,2,78.811828
-1.0,2,78.816204
0.0,1,78.818376
-8.0,9,78.836894
-2.0,3,78.843565
-2.0,3,78.849931
-4.0,5,78.8605
-5.0,6,78.873711
-5.0,6,78.886486
-5.0,6,78.898882
-11.0,12,78.923528
-4.0,5,78.933722
0.0,1,78.935943
-4.0,5,78.947162
0.0,1,78.94936
-16.0,17,78.985781
-10.0,11,79.009455
-2.0,3,79.016268
0.0,1,79.018363
-8.0,9,79.037011
-9.0,10,79.057304
-3.0,4,79.066421
-2.0,3,79.073001
-2.0,3,79.079418
-8.0,9,79.098693
-9.0,10,79.120071
-8.0,9,79.138954
-14.0,15,79.171913
-22.0,23,79.219498
-13.0,14,79.248627
-7.0,8,79.265932
-4.0,5,79.276118
-3.0,4,79.284942
-1.0,2,79.289429
-3.0,4,79.297965
-7.0,8,79.314715
-9.0,10,79.336305
-3.0,4,79.344817
-11.0,12,79.370643
-3.0,4,79.378756
-1.0,2,79.383161
-3.0,4,79.391445
-3.0,4,79.40003
-7.0,8,79.416717
-7.0,8,79.433564
-7.0,8,79.450116
-3.0,4,79.458959
-8.0,9,79.478589
-5.0,6,79.491002
-5.0,6,79.503142
-2.0,3,79.509727
-13.0,14,79.539507
0.0,1,79.541884
-4.0,5,79.552532
-10.0,11,79.575544
-8.0,9,79.594978
-6.0,7,79.611188
-2.0,3,79.617541
-50.0,50,79.724513
-1.0,2,79.728772
-11.0,12,79.754212
-2.0,3,79.761056
-1.0,2,79.76534
-9.0,10,79.786575
-4.0,5,79.797441
-4.0,5,79.80858
-4.0,5,79.819812
-1.0,2,79.824272
-2.0,3,79.83082
-4.0,5,79.841048
-4.0,5,79.852155
-8.0,9,79.870517
-18.0,19,79.911057
-12.0,13,79.938304
-7.0,8,79.955233
-2.0,3,79.961481
-15.0,16,79.995549
-5.0,6,80.008512
-18.0,19,80.047869
-3.0,4,80.055904
-3.0,4,80.064878
-7.0,8,80.082459
-3.0,4,80.090967
-1.0,2,80.095064
-6.0,7,80.110172
-8.0,9,80.129274
0.0,1,80.13139
0.0,1,80.133472
-8.0,9,80.153884
-7.0,8,80.170835
-3.0,4,80.179363
-1.0,2,80.183559
-9.0,10,80.205481
-3.0,4,80.214378
-2.0,3,80.220922
-2.0,3,80.226778
-7.0,8,80.243912
-3.0,4,80.25207
-4.0,5,80.262327
-5.0,6,80.274895
-6.0,7,80.290939
-3.0,4,80.299615
0.0,1,80.301757
0.0,1,80.303959
-3.0,4,80.3124
-3.0,4,80.320846
-5.0,6,80.334063
-10.0,11,80.357263
-13.0,14,80.387179
-9.0,10,80.40748
-2.0,3,80.414205
-2.0,3,80.420657
-2.0,3,80.427113
-2.0,3,80.433664
-8.0,9,80.453414
-16.0,17,80.490592
-2.0,3,80.497099
-12.0,13,80.524869
-8.0,9,80.543629
-15.0,16,80.577388
-2.0,3,80.583771
-2.0,3,80.589974
-5.0,6,80.602858
-3.0,4,80.611145
-4.0,5,80.809787
-7.0,8,80.826934
-1.0,2,80.831295
-7.0,8,80.847592
-4.0,5,80.858161
-3.0,4,80.866382
-8.0,9,80.885528
-2.0,3,80.892228
-8.0,9,80.912348
-5.0,6,80.925913
-5.0,6,80.939157
-3.0,4,80.947488
0.0,1,80.949811
-1.0,2,80.954136
-4.0,5,80.965338
-6.0,7,80.98048
-15.0,16,81.014304
-1.0,2,81.018952
-5.0,6,81.032038
-4.0,5,81.042917
-2.0,3,81.049773
-12.0,13,81.0769
-3.0,4,81.084951
-4.0,5,81.095611
-4.0,5,81.10592
-6.0,7,81.120893
-5.0,6,81.133939
-3.0,4,81.142627
-4.0,5,81.153341
-6.0,7,81.168175
-6.0,7,81.182656
-3.0,4,81.191267
-1.0,2,81.195554
-5.0,6,81.208176
-5.0,6,81.220006
-2.0,3,81.226382
-1.0,2,81.230801
-12.0,13,81.25768
-12.0,13,81.285476
-3.0,4,81.294713
-11.0,12,81.320374
-2.0,3,81.326792
-15.0,16,81.361887
-16.0,17,81.397622
-4.0,5,81.408184
-6.0,7,81.423173
-3.0,4,81.431893
-9.0,10,81.452979
-21.0,22,81.501255
-11.0,12,81.526605
-14.0,15,81.557904
-14.0,15,81.590035
-5.0,6,81.602459
-16.0,17,81.638414
-5.0,6,81.650681
-2.0,3,81.656898
-5.0,6,81.669701
-3.0,4,81.678249
-21.0,22,81.725953
-7.0,8,81.743333
-5.0,6,81.755415
-10.0,11,81.779055
-2.0,3,81.785839
-3.0,4,81.794434
-6.0,7,81.809453
-5.0,6,81.822241
-4.0,5,81.832842
-26.0,27,81.889896
-5.0,6,81.902737
-2.0,3,81.908736
-4.0,5,81.920313
-6.0,7,81.934457
-4.0,5,81.946421
-2.0,3,81.953327
-12.0,13,81.982564
-2.0,3,81.989639
-12.0,13,82.018463
-13.0,14,82.047292
-10.0,11,82.07063
-5.0,6,82.083783
-4.0,5,82.094544
-6.0,7,82.110457
-3.0,4,82.119306
-2.0,3,82.126087
-6.0,7,82.141503
-4.0,5,82.15167
-1.0,2,82.155893
0.0,1,82.157958
-4.0,5,82.168397
-3.0,4,82.177601
-5.0,6,82.190376
-2.0,3,82.196615
0.0,1,82.199296
-14.0,15,82.231769
-6.0,7,82.247022
-4.0,5,82.257614
-3.0,4,82.266322
-4.0,5,82.277919
-3.0,4,82.286677
-5.0,6,82.298999
-2.0,3,82.305214
-4.0,5,82.316631
-2.0,3,82.32315
-15.0,16,83.216005
-3.0,4,83.225413
-5.0,6,83.23808
-9.0,10,83.259086
-2.0,3,83.265537
-3.0,4,83.273783
-3.0,4,83.282534
-3.0,4,83.291502
-7.0,8,83.308061
-5.0,6,83.321377
-6.0,7,83.336572
-8.0,9,83.356389
-4.0,5,83.366922
-2.0,3,83.373932
-2.0,3,83.380429
-6.0,7,83.395964
-7.0,8,83.412543
-4.0,5,83.423616
-5.0,6,83.436663
-5.0,6,83.450011
-3.0,4,83.457988
-2.0,3,83.464464
-4.0,5,83.475491
-4.0,5,83.486391
-1.0,2,83.490891
-1.0,2,83.494989
-6.0,7,83.509442
-4.0,5,83.520258
-4.0,5,83.531214
-2.0,3,83.537054
-13.0,14,83.567169
-15.0,16,83.601071
-4.0,5,83.611563
-7.0,8,83.628279
-2.0,3,83.634661
-5.0,6,83.64751
0.0,1,83.649582
-2.0,3,83.655606
-6.0,7,83.670886
-2.0,3,83.677248
-10.0,11,83.700305
-4.0,5,83.711394
-13.0,14,83.740873
-3.0,4,83.749774
-7.0,8,83.76685
-4.0,5,83.777655
-5.0,6,83.790833
-3.0,4,83.798956
-13.0,14,83.829073
-26.0,27,83.885192
-10.0,11,83.908124
-3.0,4,83.916291
-3.0,4,83.924971
-2.0,3,83.931476
-1.0,2,83.935607
-3.0,4,83.94369
-4.0,5,83.953957
-9.0,10,83.975142
-4.0,5,83.985892
-6.0,7,84.000878
-3.0,4,84.009464
-1.0,2,84.013262
0.0,1,84.015238
-4.0,5,84.026065
0.0,1,84.028029
-7.0,8,84.045721
-7.0,8,84.062608
-2.0,3,84.069361
-3.0,4,84.078105
-3.0,4,84.086906
-10.0,11,84.109291
-3.0,4,84.117584
-1.0,2,84.121819
-7.0,8,84.138517
-5.0,6,84.152243
-1.0,2,84.156455
-8.0,9,84.175487
-3.0,4,84.18404
-3.0,4,84.192876
-8.0,9,84.211898
-13.0,14,84.240942
0.0,1,84.243159
-5.0,6,84.255275
0.0,1,84.257649
-5.0,6,84.270584
-3.0,4,84.279313
-5.0,6,84.292129
-6.0,7,84.307592
-4.0,5,84.318274
-7.0,8,84.335992
-12.0,13,84.364093
-4.0,5,84.375285
-3.0,4,84.383805
-1.0,2,84.388329
-4.0,5,84.39921
-8.0,9,84.41823
-3.0,4,84.426783
-8.0,9,84.445918
-12.0,13,84.474365
-2.0,3,84.480637
-6.0,7,84.49548
-3.0,4,84.503897
-3.0,4,84.512322
-1.0,2,84.516811
-4.0,5,84.526941
-5.0,6,84.539916
-6.0,7,84.55475
-9.0,10,84.576042
-3.0,4,84.58437
-7.0,8,84.601815
-10.0,11,84.625185
-1.0,2,84.629388
-37.0,38,84.709291
-2.0,3,84.715433
-6.0,7,84.730106
-12.0,13,84.759074
-7.0,8,84.775608
-3.0,4,84.784355
-5.0,6,84.79662
-3.0,4,84.805469
-31.0,32,84.872435
-2.0,3,84.878872
-4.0,5,84.889645
-2.0,3,84.896293
-3.0,4,84.904759
-5.0,6,84.917883
-50.0,50,85.026676
-8.0,9,85.045772
-3.0,4,85.053789
-5.0,6,85.066474
-4.0,5,85.076792
-5.0,6,85.089728
-6.0,7,85.104785
-10.0,11,85.128192
-5.0,6,85.141035
-1.0,2,85.145202
-4.0,5,85.155932
-4.0,5,85.166028
-7.0,8,85.182681
-4.0,5,85.194382
-6.0,7,85.208814
-1.0,2,85.213198
-5.0,6,85.226602
-3.0,4,85.235357
-3.0,4,85.244346
-3.0,4,85.252684
-8.0,9,85.27192
-1.0,2,85.276288
0.0,1,85.278349
-3.0,4,85.286657
-25.0,26,85.341438
-8.0,9,85.362465
-4.0,5,85.373998
0.0,1,85.376157
-6.0,7,85.390589
-2.0,3,85.397103
-5.0,6,85.409448
-3.0,4,85.417699
-3.0,4,85.42631
-3.0,4,85.434308
-3.0,4,85.442694
-2.0,3,85.448866
-20.0,21,85.494472
-10.0,11,85.517092
-3.0,4,85.525264
-1.0,2,85.529471
-5.0,6,85.542241
-5.0,6,85.554964
-1.0,2,85.559105
-12.0,13,85.586263
-4.0,5,85.596366
-6.0,7,85.61182
-50.0,50,85.715798
-4.0,5,85.725867
-4.0,5,85.736065
-3.0,4,85.744755
-3.0,4,85.753075
-6.0,7,85.767465
-4.0,5,85.778265
-5.0,6,85.791219
-3.0,4,85.799901
-1.0,2,85.804481
-11.0,12,85.830378
-6.0,7,85.844965
-3.0,4,85.853615
-2.0,3,85.860243
-5.0,6,85.873592
-7.0,8,85.891053
-8.0,9,85.910419
-5.0,6,85.923168
-11.0,12,85.948582
-4.0,5,85.959189
-4.0,5,85.969596
-3.0,4,85.977941
-4.0,5,85.988582
-2.0,3,85.99548
-31.0,32,86.063329
-1.0,2,86.067686
-4.0,5,86.078007
-4.0,5,86.088677
-2.0,3,86.095152
-2.0,3,86.101386
0.0,1,86.103778
-4.0,5,86.114504
-2.0,3,86.120707
-5.0,6,86.133901
-7.0,8,86.149949
-3.0,4,86.158293
-3.0,4,86.166731
-2.0,3,86.172961
-2.0,3,86.179521
-3.0,4,86.18796
-11.0,12,86.214426
-8.0,9,86.233779
-6.0,7,86.248971
-50.0,50,86.355969
-5.0,6,86.369544
-3.0,4,86.377915
-15.0,16,86.412107
-7.0,8,86.429355
-1.0,2,86.433621
-10.0,11,86.457589
-1.0,2,86.461978
-2.0,3,86.468485
-3.0,4,86.476989
-1.0,2,86.481416
-4.0,5,86.492093
-5.0,6,86.505546
-2.0,3,86.511769
-6.0,7,86.526517
-2.0,3,86.532865
-5.0,6,86.545725
-4.0,5,86.55634
-3.0,4,86.564609
-8.0,9,86.584084
-9.0,10,86.60489
-4.0,5,86.615524
-4.0,5,86.626484
-1.0,2,86.630626
-2.0,3,86.637167
-5.0,6,86.650505
-4.0,5,86.660907
-1.0,2,86.665117
-4.0,5,86.675525
-7.0,8,86.692488
-2.0,3,86.698747
-9.0,10,86.719881
-9.0,10,86.740754
-3.0,4,86.74919
-1.0,2,86.753683
-6.0,7,86.768707
-3.0,4,86.777864
-2.0,3,86.784705
0.0,1,86.787342
-2.0,3,86.793756
-8.0,9,86.813007
-6.0,7,86.828894
-3.0,4,86.837163
-8.0,9,86.856619
-6.0,7,86.870986
-6.0,7,86.88601
-8.0,9,86.90564
-3.0,4,86.913982
-3.0,4,86.92228
-3.0,4,86.931011
-3.0,4,86.939366
-12.0,13,86.967267
-14.0,15,87.000028
-3.0,4,87.008601
-8.0,9,87.0285
-6.0,7,87.043888
-2.0,3,87.050414
-8.0,9,87.069424
-5.0,6,87.082614
0.0,1,87.084629
-3.0,4,87.093206
-3.0,4,87.10176
-18.0,19,87.141695
-4.0,5,87.152343
-3.0,4,87.161587
-3.0,4,87.169858
-2.0,3,87.176535
-17.0,18,87.214265
-10.0,11,87.238198
-6.0,7,87.253231
0.0,1,87.255318
-5.0,6,87.268295
-2.0,3,87.274541
-6.0,7,87.289789
-9.0,10,87.310283
-2.0,3,87.316558
-3.0,4,87.325299
-4.0,5,87.335839
-6.0,7,87.350697
-4.0,5,87.360746
-7.0,8,87.37774
-4.0,5,87.388011
-3.0,4,87.396277
-22.0,23,87.446532
-11.0,12,87.473161
-3.0,4,87.481822
-3.0,4,87.490029
-3.0,4,87.498825
-9.0,10,87.520202
-1.0,2,87.524303
-8.0,9,87.544554
-9.0,10,87.565069
-7.0,8,87.581861
-3.0,4,88.468991
-20.0,21,88.514089
-10.0,11,88.538552
-3.0,4,88.547457
-3.0,4,88.555969
-3.0,4,88.564815
-9.0,10,88.586403
-5.0,6,88.599042
-3.0,4,88.607808
-4.0,5,88.618665
-2.0,3,88.624946
-4.0,5,88.636117
-3.0,4,88.644406
-3.0,4,88.653242
-3.0,4,88.661305
-3.0,4,88.669596
-3.0,4,88.677845
-4.0,5,88.688839
-4.0,5,88.699437
-3.0,4,88.707942
-9.0,10,88.729681
-2.0,3,88.73624
-5.0,6,88.749639
-2.0,3,88.756165
-11.0,12,88.780817
-12.0,13,88.807688
-2.0,3,88.814507
-5.0,6,88.826728
-9.0,10,88.84776
-5.0,6,88.860007
-15.0,16,88.894416
-9.0,10,88.915541
-5.0,6,88.928232
-1.0,2,88.932929
-6.0,7,88.947501
-3.0,4,88.956049
-2.0,3,88.962367
0.0,1,88.964419
-7.0,8,88.981502
-2.0,3,88.987804
-5.0,6,89.000749
-2.0,3,89.00688
-5.0,6,89.019967
-2.0,3,89.026648
-14.0,15,89.058371
-5.0,6,89.07158
-2.0,3,89.078047
-6.0,7,89.093317
-4.0,5,89.104002
-1.0,2,89.10799
-6.0,7,89.123713
-6.0,7,89.139074
-3.0,4,89.147496
-2.0,3,89.153382
-7.0,8,89.170396
-3.0,4,89.178776
-3.0,4,89.187136
-3.0,4,89.195991
-1.0,2,89.200616
-3.0,4,89.209513
-5.0,6,89.222259
-2.0,3,89.228551
-10.0,11,89.252001
-2.0,3,89.258512
-2.0,3,89.265196
-3.0,4,89.273524
-11.0,12,89.299289
-6.0,7,89.315188
-5.0,6,89.328093
-7.0,8,89.345819
-3.0,4,89.354386
-1.0,2,89.35888
-1.0,2,89.363279
-2.0,3,89.369405
-6.0,7,89.383561
-9.0,10,89.404651
-7.0,8,89.421457
-7.0,8,89.43825
-3.0,4,89.44669
-12.0,13,89.475384
-3.0,4,89.48384
-6.0,7,89.498478
-5.0,6,89.511112
-6.0,7,89.525709
-1.0,2,89.530089
-4.0,5,89.540535
-4.0,5,89.551385
-4.0,5,89.562405
-1.0,2,89.566793
-4.0,5,89.577136
-4.0,5,89.588267
-2.0,3,89.59461
-16.0,17,89.629518
-20.0,21,89.674517
0.0,1,89.676794
-11.0,12,89.701765
-5.0,6,89.714012
-3.0,4,89.722586
-2.0,3,89.728827
-11.0,12,89.754153
-4.0,5,89.764836
0.0,1,89.766976
-3.0,4,89.775553
-7.0,8,89.792743
-1.0,2,89.797197
-4.0,5,89.807513
-3.0,4,89.815773
-2.0,3,89.822311
-4.0,5,89.833131
-3.0,4,89.841619
-2.0,3,89.847661
-9.0,10,89.868992
-2.0,3,89.875893
0.0,1,89.878208
-3.0,4,89.886704
-6.0,7,89.901575
-18.0,19,89.943197
-2.0,3,89.949377
-2.0,3,89.956006
0.0,1,89.958209
-2.0,3,89.964482
0.0,1,89.966868
-3.0,4,89.975322
-5.0,6,89.988383
-5.0,6,90.001307
-8.0,9,90.020281
-4.0,5,90.030849
-7.0,8,90.047997
-3.0,4,90.056877
-5.0,6,90.069753
-3.0,4,90.077769
-2.0,3,90.084069
-3.0,4,90.092567
-6.0,7,90.107822
-7.0,8,90.125005
-2.0,3,90.13244
-3.0,4,90.141524
-4.0,5,90.151686
0.0,1,90.153884
-3.0,4,90.162176
-13.0,14,90.191563
-6.0,7,90.207009
-4.0,5,90.217669
-4.0,5,90.228072
-6.0,7,90.243222
-11.0,12,90.268899
0.0,1,90.270983
-6.0,7,90.285845
-4.0,5,90.297061
-1.0,2,90.301463
-6.0,7,90.316624
-5.0,6,90.328992
-4.0,5,90.339798
-16.0,17,90.375501
-5.0,6,90.388049
-2.0,3,90.394081
-2.0,3,90.400624
-3.0,4,90.409293
-3.0,4,90.417804
-5.0,6,90.429994
-3.0,4,90.438748
-3.0,4,90.447251
-3.0,4,90.455473
-4.0,5,90.466055
0.0,1,90.46826
-6.0,7,90.482903
-8.0,9,90.502991
-1.0,2,90.507025
-3.0,4,90.515455
-2.0,3,90.521658
-3.0,4,90.530156
-7.0,8,90.546744
-2.0,3,90.553244
-3.0,4,90.561385
-7.0,8,90.578823
-4.0,5,90.589653
-3.0,4,90.598493
-3.0,4,90.606621
-3.0,4,90.615359
-5.0,6,90.628191
-6.0,7,90.642917
-6.0,7,90.658409
-1.0,2,90.662981
-3.0,4,90.671218
-7.0,8,90.688263
-8.0,9,90.7064
0.0,1,90.7084
-4.0,5,90.719797
-6.0,7,90.734907
0.0,1,90.737194
-3.0,4,90.745675
-14.0,15,90.77758
-2.0,3,90.783964
-2.0,3,90.790083
-7.0,8,90.806842
-1.0,2,90.811029
-7.0,8,90.828481
-2.0,3,90.834679
-3.0,4,90.843387
-3.0,4,90.852003
-5.0,6,90.865052
-1.0,2,90.869438
-2.0,3,90.875578
-2.0,3,90.881598
-3.0,4,90.889855
-4.0,5,90.900355
-2.0,3,90.906597
-2.0,3,90.913498
-2.0,3,90.920445
-2.0,3,90.926506
-9.0,10,90.9481
-5.0,6,90.961102
-1.0,2,90.96551
-16.0,17,91.00114
-3.0,4,91.009665
-2.0,3,91.015948
-2.0,3,91.022407
-9.0,10,91.044144
-4.0,5,91.05545
-4.0,5,91.066497
-4.0,5,91.076683
-4.0,5,91.087198
-5.0,6,91.10011
0.0,1,91.102127
-1.0,2,91.106441
-3.0,4,91.115408
-24.0,25,91.168392
-4.0,5,91.179131
-3.0,4,91.187745
0.0,1,91.189815
-5.0,6,91.20233
-6.0,7,91.217073
-2.0,3,91.223187
-3.0,4,91.231537
-6.0,7,91.245668
-3.0,4,91.25417
-2.0,3,91.260534
-4.0,5,91.271323
-1.0,2,91.27577
-7.0,8,91.292702
-2.0,3,91.299329
-7.0,8,91.31649
-8.0,9,91.334822
-3.0,4,91.34309
-2.0,3,91.349617
-3.0,4,91.358506
-2.0,3,91.364956
-12.0,13,91.392124
-7.0,8,91.40854
-4.0,5,91.418973
-50.0,50,91.527074
-3.0,4,91.535878
0.0,1,91.537906
-3.0,4,91.546052
-7.0,8,91.564585
-4.0,5,91.576884
-4.0,5,91.588228
-11.0,12,91.614327
0.0,1,91.61665
-3.0,4,91.625302
-2.0,3,91.631774
-5.0,6,91.64443
-2.0,3,91.650904
-25.0,26,91.708823
-4.0,5,91.719449
-4.0,5,91.729879
-4.0,5,91.740594
-4.0,5,91.751362
-8.0,9,91.76999
-3.0,4,91.778426
-6.0,7,91.792789
-5.0,6,91.805633
-4.0,5,91.816822
-5.0,6,91.830046
-1.0,2,91.834021
-3.0,4,91.842593
-6.0,7,91.857817
-2.0,3,91.864087
-4.0,5,91.874611
-5.0,6,91.887137
-2.0,3,91.893366
-3.0,4,91.901725
-5.0,6,91.914496
-4.0,5,91.924754
-10.0,11,91.947429
-3.0,4,91.955786
-3.0,4,91.963615
-3.0,4,91.971835
-2.0,3,91.9779
-4.0,5,91.987692
-5.0,6,92.000256
-1.0,2,92.004472
-4.0,5,92.014655
0.0,1,92.01681
-2.0,3,92.023484
0.0,1,92.025689
-2.0,3,92.032231
-10.0,11,92.055297
-2.0,3,92.061487
-20.0,21,92.105551
-2.0,3,92.111579
-2.0,3,92.118092
-1.0,2,92.122271
-2.0,3,92.128687
-4.0,5,92.139674
-3.0,4,92.147912
-2.0,3,92.153861
-24.0,25,92.20607
-32.0,33,92.2764
-32.0,33,92.348119
-7.0,8,92.365376
-2.0,3,92.371554
-5.0,6,92.384582
-29.0,30,92.449796
-1.0,2,92.453879
-11.0,12,92.479993
-3.0,4,92.4884
-2.0,3,92.494678
-7.0,8,92.511708
-4.0,5,92.522366
-4.0,5,92.532518
-6.0,7,92.546799
-6.0,7,92.56132
-3.0,4,92.570171
-4.0,5,92.580829
-3.0,4,92.588956
-11.0,12,92.615596
-3.0,4,92.624633
-4.0,5,92.635317
-6.0,7,92.650124
-7.0,8,92.666648
-4.0,5,92.676965
-6.0,7,92.69181
-7.0,8,92.707983
-3.0,4,92.716925
-4.0,5,92.727452
-1.0,2,92.731576
-7.0,8,92.748998
0.0,1,92.7514
-7.0,8,92.768575
-22.0,23,92.817593
-24.0,25,93.723834
-2.0,3,93.7309
-3.0,4,93.739665
-1.0,2,93.743778
-3.0,4,93.752372
-3.0,4,93.760811
-4.0,5,93.771893
-6.0,7,93.786717
-3.0,4,93.795102
-1.0,2,93.799195
-3.0,4,93.807297
-5.0,6,93.820091
-2.0,3,93.826554
-3.0,4,93.83578
-3.0,4,93.844014
-2.0,3,93.850207
-3.0,4,93.85868
-5.0,6,93.871186
-4.0,5,93.881819
-2.0,3,93.888632
-2.0,3,93.895416
-4.0,5,93.90599
-4.0,5,93.916215
-5.0,6,93.928619
-6.0,7,93.943661
-5.0,6,93.956387
-2.0,3,93.963048
-6.0,7,93.977946
-3.0,4,93.986086
0.0,1,93.988434
-14.0,15,94.019807
-9.0,10,94.041033
-3.0,4,94.050053
-4.0,5,94.06136
-3.0,4,94.069934
-2.0,3,94.076068
-4.0,5,94.109476
-3.0,4,94.11821
-2.0,3,94.124511
-3.0,4,94.133045
-4.0,5,94.143381
-3.0,4,94.151855
-5.0,6,94.164792
-4.0,5,94.175631
-1.0,2,94.180054
-3.0,4,94.18869
-2.0,3,94.195131
0.0,1,94.197507
-3.0,4,94.206093
-5.0,6,94.219249
-3.0,4,94.228311
-5.0,6,94.240521
-1.0,2,94.244758
-4.0,5,94.255552
-3.0,4,94.263987
-5.0,6,94.277405
-9.0,10,94.299055
-4.0,5,94.309967
-3.0,4,94.31828
-3.0,4,94.326807
-3.0,4,94.335316
-11.0,12,94.360493
-2.0,3,94.367135
0.0,1,94.369231
-2.0,3,94.37556
-4.0,5,94.386216
-3.0,4,94.394542
0.0,1,94.396911
-7.0,8,94.413988
-4.0,5,94.424175
-1.0,2,94.428585
-9.0,10,94.449688
-1.0,2,94.453975
-8.0,9,94.473436
-1.0,2,94.47759
-1.0,2,94.481777
-7.0,8,94.499175
-5.0,6,94.511385
0.0,1,94.513857
-3.0,4,94.521961
-3.0,4,94.53014
-2.0,3,94.53642
-6.0,7,94.551153
-5.0,6,94.563735
-3.0,4,94.57214
-4.0,5,94.582494
-4.0,5,94.593254
-16.0,17,94.629704
-2.0,3,94.636367
-3.0,4,94.644996
-1.0,2,94.649059
-1.0,2,94.653532
-9.0,10,94.674651
-3.0,4,94.683194
-3.0,4,94.691582
-3.0,4,94.699808
-2.0,3,94.706499
-5.0,6,94.71972
-3.0,4,94.72784
-4.0,5,94.738396
-1.0,2,94.74238
-10.0,11,94.765984
-4.0,5,94.776448
-4.0,5,94.787122
-2.0,3,94.793694
-4.0,5,94.804339
-5.0,6,94.817242
-3.0,4,94.826014
-3.0,4,94.833989
-4.0,5,94.844411
-3.0,4,94.852664
-5.0,6,94.866174
-4.0,5,94.877043
-4.0,5,94.888655
-3.0,4,94.898126
-19.0,20,94.941471
0.0,1,94.943927
-2.0,3,94.950716
0.0,1,94.95288
0.0,1,94.955205
-4.0,5,94.965848
-1.0,2,94.970173
-1.0,2,94.974853
-3.0,4,94.983168
-2.0,3,94.989871
-12.0,13,95.017503
-9.0,10,95.039156
-5.0,6,95.051611
-3.0,4,95.060094
-4.0,5,95.070621
-4.0,5,95.081006
-5.0,6,95.093969
-3.0,4,95.10217
-4.0,5,95.112338
-3.0,4,95.12111
-1.0,2,95.125048
-3.0,4,95.134217
-2.0,3,95.140374
-5.0,6,95.152898
-1.0,2,95.157351
-10.0,11,95.181945
-1.0,2,95.18628
-1.0,2,95.190603
-6.0,7,95.205702
-10.0,11,95.229198
-1.0,2,95.234113
-6.0,7,95.249027
-5.0,6,95.261788
-3.0,4,95.270492
-8.0,9,95.290333
-4.0,5,95.300966
-9.0,10,95.321375
-2.0,3,95.327565
-3.0,4,95.33638
-5.0,6,95.349075
0.0,1,95.351202
-10.0,11,95.374707
-2.0,3,95.381042
-1.0,2,95.385244
-10.0,11,95.408506
-2.0,3,95.414885
-2.0,3,95.421241
-8.0,9,95.440388
-6.0,7,95.455566
-4.0,5,95.466687
-2.0,3,95.472908
-6.0,7,95.48818
-3.0,4,95.49721
-5.0,6,95.510247
-4.0,5,95.520656
-3.0,4,95.529125
-3.0,4,95.537763
-17.0,18,95.575423
-3.0,4,95.584096
-1.0,2,95.588489
-2.0,3,95.595111
-2.0,3,95.601425
-1.0,2,95.606017
-3.0,4,95.614581
-5.0,6,95.627551
-4.0,5,95.637675
-3.0,4,95.646743
-4.0,5,95.656968
-3.0,4,95.665798
-3.0,4,95.674076
-4.0,5,95.684423
-3.0,4,95.692475
-6.0,7,95.707287
-3.0,4,95.716031
-1.0,2,95.720455
-3.0,4,95.728631
-7.0,8,95.74625
-4.0,5,95.757001
-6.0,7,95.772423
-3.0,4,95.780323
0.0,1,95.782658
-2.0,3,95.789268
-2.0,3,95.795837
-3.0,4,95.80399
0.0,1,95.806014
-3.0,4,95.814401
-3.0,4,95.822575
-1.0,2,95.826798
-6.0,7,95.841407
-2.0,3,95.847664
-6.0,7,95.862421
-7.0,8,95.879108
-3.0,4,95.888006
-3.0,4,95.896577
-5.0,6,95.909323
-3.0,4,95.917783
-2.0,3,95.923934
-5.0,6,95.936328
-1.0,2,95.94049
-3.0,4,95.948856
-1.0,2,95.953057
-4.0,5,95.963257
-2.0,3,95.969622
-8.0,9,95.988514
-2.0,3,95.995166
-12.0,13,96.022591
-2.0,3,96.028936
-5.0,6,96.041679
-1.0,2,96.046157
-4.0,5,96.056739
-2.0,3,96.063486
-4.0,5,96.073823
-3.0,4,96.082228
-5.0,6,96.095201
-5.0,6,96.108094
-4.0,5,96.118555
-5.0,6,96.132103
-2.0,3,96.138664
-4.0,5,96.149707
-3.0,4,96.158013
-5.0,6,96.170508
-3.0,4,96.179325
-5.0,6,96.191621
-4.0,5,96.202008
0.0,1,96.204292
-5.0,6,96.217135
-4.0,5,96.227231
-7.0,8,96.243603
-6.0,7,96.258238
-3.0,4,96.267305
-7.0,8,96.284019
-2.0,3,96.290467
-3.0,4,96.298946
-3.0,4,96.30704
-2.0,3,96.313495
-3.0,4,96.32198
-5.0,6,96.335345
-2.0,3,96.341908
0.0,1,96.344212
-6.0,7,96.359564
-3.0,4,96.367947
-5.0,6,96.380752
-2.0,3,96.387678
-2.0,3,96.39408
-2.0,3,96.40041
-8.0,9,96.419825
-2.0,3,96.42622
-3.0,4,96.434575
-7.0,8,96.451583
-50.0,50,96.558163
-42.0,43,96.648412
-5.0,6,96.661358
-1.0,2,96.665747
-3.0,4,96.6739
-2.0,3,96.680462
-7.0,8,96.697809
-2.0,3,96.704368
-3.0,4,96.712829
-5.0,6,96.725253
-1.0,2,96.729275
0.0,1,96.731439
-1.0,2,96.735935
-1.0,2,96.740265
-1.0,2,96.744881
-1.0,2,96.749157
-5.0,6,96.761487
-2.0,3,96.76795
-3.0,4,96.776207
0.0,1,96.778409
-3.0,4,96.786555
-3.0,4,96.795391
-7.0,8,96.811939
-11.0,12,96.837839
-1.0,2,96.841886
-2.0,3,96.848168
-2.0,3,96.854309
0.0,1,96.856474
-3.0,4,96.864958
-5.0,6,96.877525
-4.0,5,96.888181
-4.0,5,96.898595
-3.0,4,96.907013
-4.0,5,96.917429
-5.0,6,96.931021
0.0,1,96.933299
-1.0,2,96.937695
-4.0,5,96.947934
-5.0,6,96.960519
-9.0,10,96.982127
-2.0,3,96.988652
-9.0,10,97.010089
-2.0,3,97.016273
-3.0,4,97.024653
-8.0,9,97.043636
-9.0,10,97.064833
-5.0,6,97.076944
-3.0,4,97.085627
-4.0,5,97.095895
-2.0,3,97.102459
-5.0,6,97.115254
-4.0,5,97.126175
-5.0,6,97.138689
-5.0,6,97.151286
-1.0,2,97.155272
-3.0,4,97.163766
-2.0,3,97.169987
-3.0,4,97.178476
-3.0,4,97.186759
-3.0,4,97.19517
-3.0,4,97.203297
-3.0,4,97.212427
-3.0,4,97.220605
-7.0,8,97.238194
-2.0,3,97.244644
-2.0,3,97.25122
-3.0,4,97.260107
-3.0,4,97.268808
-3.0,4,97.276731
-3.0,4,97.285062
-5.0,6,97.297803
-1.0,2,97.301849
-1.0,2,97.306461
-1.0,2,97.310673
-1.0,2,97.314727
-2.0,3,97.321313
-2.0,3,97.327608
-1.0,2,97.332167
-3.0,4,97.340483
-2.0,3,97.346738
-3.0,4,97.355148
-2.0,3,97.361381
-3.0,4,97.369816
-6.0,7,97.383847
-3.0,4,97.392412
-1.0,2,97.396336
-1.0,2,97.400613
-1.0,2,97.404711
-7.0,8,97.421524
-1.0,2,97.425649
-2.0,3,97.431589
-2.0,3,97.438067
-3.0,4,97.446074
-3.0,4,97.45467
-4.0,5,97.464693
-4.0,5,97.475832
0.0,1,97.478187
-2.0,3,97.484563
-3.0,4,97.493038
-3.0,4,97.501716
-6.0,7,97.516624
-4.0,5,97.526917
-4.0,5,97.53775
-5.0,6,97.549882
-3.0,4,97.557868
-2.0,3,97.563927
-3.0,4,97.572308
-3.0,4,97.580906
-5.0,6,97.593683
-4.0,5,97.604109
0.0,1,97.606111
-6.0,7,97.620414
-6.0,7,97.635331
0.0,1,97.637509
-2.0,3,97.643957
-5.0,6,97.655928
-1.0,2,97.660139
-4.0,5,97.670645
-3.0,4,97.678811
-5.0,6,97.690895
-9.0,10,97.711975
-5.0,6,97.724799
-2.0,3,97.731062
-5.0,6,97.743163
-5.0,6,97.755148
-19.0,20,97.797595
-2.0,3,97.803688
-4.0,5,97.814353
-1.0,2,97.819027
-1.0,2,97.823036
-3.0,4,97.831909
-2.0,3,97.838567
-5.0,6,97.850866
-2.0,3,97.856843
-4.0,5,97.867623
0.0,1,97.869749
-2.0,3,97.876119
-8.0,9,97.895431
-3.0,4,97.90446
-3.0,4,97.912588
-4.0,5,97.922781
-4.0,5,97.933588
-4.0,5,97.943736
-4.0,5,97.95421
-2.0,3,97.960603
-1.0,2,97.965116
-5.0,6,97.977823
-4.0,5,97.988089
-4.0,5,97.999009
-2.0,3,98.005109
-4.0,5,98.015239
-4.0,5,98.025375
-4.0,5,98.035794
-4.0,5,98.046903
-6.0,7,98.927396
-3.0,4,98.936113
-2.0,3,98.942564
-2.0,3,98.949015
-2.0,3,98.955172
-1.0,2,98.959686
-3.0,4,98.968482
0.0,1,98.970596
-3.0,4,98.979044
-3.0,4,98.987529
-5.0,6,99.000018
-3.0,4,99.008629
-3.0,4,99.017476
-2.0,3,99.023966
-3.0,4,99.032839
-6.0,7,99.047391
-5.0,6,99.059726
-1.0,2,99.064274
-3.0,4,99.072955
-2.0,3,99.079796
-3.0,4,99.088523
-2.0,3,99.094917
-3.0,4,99.103521
-3.0,4,99.112559
-4.0,5,99.122607
-2.0,3,99.129122
-2.0,3,99.135564
-2.0,3,99.141653
-2.0,3,99.148123
-6.0,7,99.162775
-5.0,6,99.175159
-6.0,7,99.189722
-7.0,8,99.206471
-1.0,2,99.21069
-6.0,7,99.225362
-3.0,4,99.233997
-2.0,3,99.240786
-4.0,5,99.250974
-4.0,5,99.261729
-4.0,5,99.27238
-2.0,3,99.278875
-2.0,3,99.285481
-2.0,3,99.292509
-1.0,2,99.296804
-3.0,4,99.304977
-2.0,3,99.311112
-3.0,4,99.319758
-2.0,3,99.326117
-5.0,6,99.338806
-9.0,10,99.360165
-3.0,4,99.36892
-9.0,10,99.391209
-10.0,11,99.414819
-2.0,3,99.42075
-2.0,3,99.426851
-3.0,4,99.435257
-3.0,4,99.44411
-2.0,3,99.450615
-7.0,8,99.466921
-1.0,2,99.471263
-1.0,2,99.475656
-3.0,4,99.483803
-3.0,4,99.492233
-3.0,4,99.501056
-9.0,10,99.521659
-2.0,3,99.528134
-2.0,3,99.534345
-3.0,4,99.543239
-2.0,3,99.549366
-3.0,4,99.558194
-2.0,3,99.564923
-4.0,5,99.575424
-3.0,4,99.583854
0.0,1,99.585914
-1.0,2,99.590299
-3.0,4,99.598932
-4.0,5,99.609246
-2.0,3,99.615379
-4.0,5,99.625837
-2.0,3,99.632779
-3.0,4,99.641304
-4.0,5,99.652054
0.0,1,99.654087
-3.0,4,99.662998
-2.0,3,99.669149
-1.0,2,99.673373
-5.0,6,99.686046
-3.0,4,99.694758
-3.0,4,99.703564
-2.0,3,99.709813
-3.0,4,99.718291
-4.0,5,99.728941
-6.0,7,99.743822
-1.0,2,99.748323
-5.0,6,99.761305
-4.0,5,99.772275
-2.0,3,99.778713
-4.0,5,99.789244
-8.0,9,99.808666
-2.0,3,99.814817
-3.0,4,99.82374
-3.0,4,99.83266
-3.0,4,99.840693
-4.0,5,99.851959
-8.0,9,99.871018
-1.0,2,99.875617
-1.0,2,99.879888
-4.0,5,99.89047
-3.0,4,99.899533
-4.0,5,99.910611
-4.0,5,99.921379
-4.0,5,99.932098
-3.0,4,99.940677
-3.0,4,99.949074
-3.0,4,99.957859
0.0,1,99.960216
-1.0,2,99.96479
-1.0,2,99.96904
-7.0,8,99.985769
-1.0,2,99.989954
-5.0,6,100.002434
-1.0,2,100.006726
-3.0,4,100.015016
-4.0,5,100.025614
-4.0,5,100.036763
-5.0,6,100.050202
-2.0,3,100.056498
-4.0,5,100.066959
-2.0,3,100.073276
0.0,1,100.075723
-2.0,3,100.082451
-2.0,3,100.088918
-9.0,10,100.109851
-2.0,3,100.116159
-5.0,6,100.129218
-3.0,4,100.137447
-1.0,2,100.141961
-4.0,5,100.152433
-6.0,7,100.167174
-1.0,2,100.171429
-3.0,4,100.180104
-1.0,2,100.184506
-3.0,4,100.192911
-2.0,3,100.199304
0.0,1,100.201895
-2.0,3,100.208068
-2.0,3,100.215057
-2.0,3,100.221465
-2.0,3,100.228154
-1.0,2,100.232423
-2.0,3,100.239293
-2.0,3,100.245884
-3.0,4,100.254668
-6.0,7,100.270659
-2.0,3,100.277613
-2.0,3,100.283875
-5.0,6,100.296309
-2.0,3,100.303109
-2.0,3,100.309798
-3.0,4,100.31868
-1.0,2,100.323525
-1.0,2,100.328005
-4.0,5,100.338238
-1.0,2,100.342499
-7.0,8,100.35997
-5.0,6,100.372926
-3.0,4,100.38202
-4.0,5,100.393179
-2.0,3,100.399854
-4.0,5,100.410418
-3.0,4,100.419383
-14.0,15,100.450882
0.0,1,100.453248
-1.0,2,100.457344
-6.0,7,100.471771
-4.0,5,100.482413
-2.0,3,100.488598
-2.0,3,100.495116
-7.0,8,100.51168
-3.0,4,100.520282
0.0,1,100.522665
-3.0,4,100.531082
-2.0,3,100.537445
-3.0,4,100.545919
-6.0,7,100.561166
-2.0,3,100.567664
-2.0,3,100.574181
-2.0,3,100.580641
-3.0,4,100.5886
-6.0,7,100.603407
-6.0,7,100.618596
-19.0,20,100.661274
-7.0,8,100.677734
-3.0,4,100.686011
0.0,1,100.688248
-2.0,3,100.694679
-1.0,2,100.698868
-8.0,9,100.717891
-2.0,3,100.724104
-2.0,3,100.730528
-5.0,6,100.743694
-5.0,6,100.7563
-2.0,3,100.762888
-2.0,3,100.769165
-2.0,3,100.775465
-3.0,4,100.783691
-3.0,4,100.791949
-2.0,3,100.798329
-1.0,2,100.802391
-4.0,5,100.812709
-5.0,6,100.825747
-2.0,3,100.831603
0.0,1,100.83392
0.0,1,100.836177
-3.0,4,100.84462
-4.0,5,100.85524
-8.0,9,100.87411
-1.0,2,100.878614
-2.0,3,100.884707
-4.0,5,100.895197
-3.0,4,100.903711
-3.0,4,100.912692
-3.0,4,100.92121
-3.0,4,100.9295
-2.0,3,100.936283
-3.0,4,100.944857
0.0,1,100.947252
-4.0,5,100.957829
-5.0,6,100.970302
-1.0,2,100.974357
-4.0,5,100.985106
-3.0,4,100.99361
-1.0,2,100.997763
0.0,1,100.999857
-3.0,4,101.008502
-5.0,6,101.021771
-3.0,4,101.029999
-4.0,5,101.040206
-5.0,6,101.053267
-15.0,16,101.087303
-2.0,3,101.09374
-4.0,5,101.104212
-5.0,6,101.117205
-3.0,4,101.12616
-5.0,6,101.138623
-5.0,6,101.150835
-3.0,4,101.159103
0.0,1,101.161343
-6.0,7,101.176345
-2.0,3,101.183
-3.0,4,101.191579
-3.0,4,101.20019
-6.0,7,101.21541
-3.0,4,101.224392
-3.0,4,101.232954
-4.0,5,101.243117
-8.0,9,101.261559
-4.0,5,101.272199
-4.0,5,101.282798
-4.0,5,101.293416
-3.0,4,101.30169
-4.0,5,101.312233
-3.0,4,101.320441
-4.0,5,101.331187
-3.0,4,101.339787
-4.0,5,101.349845
-3.0,4,101.35798
-3.0,4,101.366607
-2.0,3,101.373169
-3.0,4,101.381237
-3.0,4,101.390013
-3.0,4,101.398732
-5.0,6,101.411889
-3.0,4,101.420951
-2.0,3,101.427547
-2.0,3,101.433846
-9.0,10,101.454813
-4.0,5,101.465664
-3.0,4,101.474126
0.0,1,101.476282
-3.0,4,101.484765
-1.0,2,101.489522
-2.0,3,101.495963
-3.0,4,101.504868
-3.0,4,101.51361
-4.0,5,101.524431
-3.0,4,101.533207
-5.0,6,101.545507
-2.0,3,101.551854
-2.0,3,101.558383
-1.0,2,101.562587
-3.0,4,101.570861
0.0,1,101.572991
-3.0,4,101.581831
-4.0,5,101.592126
-6.0,7,101.607001
-1.0,2,101.611583
-3.0,4,101.619913
-4.0,5,101.63053
-3.0,4,101.638904
-5.0,6,101.651905
-4.0,5,101.662618
-6.0,7,101.678121
-1.0,2,101.682754
-4.0,5,101.693138
-1.0,2,101.697511
-4.0,5,101.708402
-2.0,3,101.71488
-2.0,3,101.721166
-2.0,3,101.728064
-6.0,7,101.74304
-1.0,2,101.747266
-2.0,3,101.754107
0.0,1,101.756341
-2.0,3,101.762531
-1.0,2,101.766857
-4.0,5,101.777349
-2.0,3,101.783864
-2.0,3,101.790103
0.0,1,101.792233
-2.0,3,101.798579
-3.0,4,101.807037
0.0,1,101.809461
-3.0,4,101.818053
-1.0,2,101.822497
-3.0,4,101.83094
-2.0,3,101.837447
-5.0,6,101.850546
-3.0,4,101.858773
-4.0,5,101.86951
-6.0,7,101.884188
-4.0,5,101.895137
-2.0,3,101.901705
0.0,1,101.904005
-1.0,2,101.908232
-2.0,3,101.914158
-1.0,2,101.918603
0.0,1,101.920713
-6.0,7,101.936022
-1.0,2,101.940128
-2.0,3,101.946685
0.0,1,101.948905
-6.0,7,101.963384
-2.0,3,101.970093
-3.0,4,101.978447
-5.0,6,101.991019
-1.0,2,101.995243
-3.0,4,102.003587
-4.0,5,102.013773
-2.0,3,102.020009
-3.0,4,102.028558
-2.0,3,102.034746
-4.0,5,102.045862
-2.0,3,102.052471
-8.0,9,102.07138
-1.0,2,102.07525
0.0,1,102.077606
-1.0,2,102.082128
-1.0,2,102.086657
-2.0,3,102.093127
-3.0,4,102.10151
-2.0,3,102.107787
-4.0,5,102.118418
-1.0,2,102.122721
-3.0,4,102.130942
-3.0,4,102.13953
-1.0,2,102.143652
0.0,1,102.145889
-3.0,4,102.154659
-4.0,5,102.165005
-3.0,4,102.173276
-5.0,6,102.18579
-6.0,7,102.199926
-4.0,5,102.210414
-2.0,3,102.216374
-8.0,9,102.235478
-1.0,2,102.23965
-4.0,5,102.250821
0.0,1,102.253166
-5.0,6,102.266447
-2.0,3,102.272841
0.0,1,102.275119
-2.0,3,102.281604
-2.0,3,102.288055
-3.0,4,102.296818
0.0,1,102.299053
-3.0,4,102.307788
-4.0,5,102.318701
-5.0,6,102.331675
-6.0,7,102.346061
-3.0,4,102.354584
-3.0,4,102.363356
-5.0,6,102.376722
-3.0,4,102.385791
-9.0,10,102.407396
0.0,1,102.40949
-2.0,3,102.415845
-3.0,4,102.424362
-2.0,3,102.430808
-1.0,2,102.434961
0.0,1,102.437054
-4.0,5,102.447979
-6.0,7,102.463026
-2.0,3,102.469636
-7.0,8,102.487151
-3.0,4,102.496147
-2.0,3,102.502611
-2.0,3,102.509668
-2.0,3,102.516401
-8.0,9,102.535419
0.0,1,102.537557
-1.0,2,102.541932
-3.0,4,102.55068
-1.0,2,102.555022
-5.0,6,102.568016
-3.0,4,102.576009
-1.0,2,102.580456
-5.0,6,102.593512
-2.0,3,102.599967
-1.0,2,102.603813
-4.0,5,102.614207
-11.0,12,102.639961
-4.0,5,102.650298
-6.0,7,102.665608
-3.0,4,102.674149
-6.0,7,102.688601
0.0,1,102.690887
0.0,1,102.693161
-7.0,8,102.71015
0.0,1,102.712494
-2.0,3,102.718567
-1.0,2,102.723074
-1.0,2,102.72721
-4.0,5,102.737473
-3.0,4,102.745898
0.0,1,102.748184
-1.0,2,102.752489
-6.0,7,102.768
-2.0,3,102.774287
-2.0,3,102.780544
-5.0,6,102.793044
-4.0,5,102.804118
-2.0,3,102.810324
-3.0,4,102.818813
-5.0,6,102.832121
-3.0,4,102.840639
-2.0,3,102.847409
-2.0,3,102.85405
-4.0,5,102.86513
-2.0,3,102.871617
-3.0,4,102.880439
-1.0,2,102.884945
-2.0,3,102.891379
-1.0,2,102.896047
-2.0,3,102.902733
-3.0,4,102.911156
-2.0,3,102.917647
-4.0,5,102.928533
-3.0,4,102.937118
-3.0,4,102.945862
-3.0,4,102.954362
-2.0,3,102.961235
-2.0,3,102.96792
-5.0,6,102.980955
-2.0,3,102.987329
-6.0,7,103.00221
-2.0,3,103.00889
-4.0,5,103.019612
-1.0,2,103.024363
-9.0,10,103.044939
-3.0,4,103.053466
-3.0,4,103.062659
-5.0,6,103.075633
-3.0,4,103.084151
-9.0,10,103.105617
-3.0,4,103.114162
-3.0,4,103.122812
0.0,1,103.125116
-14.0,15,103.156066
-1.0,2,103.160895
-4.0,5,103.171837
-3.0,4,103.180364
-3.0,4,103.188925
0.0,1,103.191205
-2.0,3,103.197635
-2.0,3,103.203972
-8.0,9,103.222869
-6.0,7,103.237457
-3.0,4,103.245966
-2.0,3,103.252171
-1.0,2,103.256525
-6.0,7,103.271796
-4.0,5,103.282436
-4.0,5,103.292945
-1.0,2,103.297321
-4.0,5,103.307423
-4.0,5,104.183005
-2.0,3,104.189269
-1.0,2,104.193489
-3.0,4,104.201975
-1.0,2,104.206239
-4.0,5,104.217262
-5.0,6,104.229662
-3.0,4,104.238357
-3.0,4,104.246676
-2.0,3,104.252946
-1.0,2,104.257178
-1.0,2,104.261272
-2.0,3,104.267953
-2.0,3,104.274344
-7.0,8,104.291067
-3.0,4,104.299392
-3.0,4,104.307756
-2.0,3,104.314038
-3.0,4,104.322375
0.0,1,104.324528
-3.0,4,104.332765
-4.0,5,104.343419
-2.0,3,104.350156
-3.0,4,104.358576
-3.0,4,104.36737
-4.0,5,104.378373
-2.0,3,104.384745
-2.0,3,104.391255
-1.0,2,104.39566
-2.0,3,104.401907
-6.0,7,104.417429
-3.0,4,104.426813
-1.0,2,104.430901
-2.0,3,104.437353
-4.0,5,104.447908
-2.0,3,104.454424
-3.0,4,104.462874
-2.0,3,104.469322
0.0,1,104.471642
-3.0,4,104.4801
-3.0,4,104.488653
-2.0,3,104.495148
-2.0,3,104.501563
-3.0,4,104.510076
-3.0,4,104.518543
-4.0,5,104.529418
-1.0,2,104.533845
-1.0,2,104.538241
-1.0,2,104.542508
-4.0,5,104.553328
-6.0,7,104.567512
0.0,1,104.569758
-2.0,3,104.576812
-3.0,4,104.585354
-2.0,3,104.591635
-3.0,4,104.600141
-3.0,4,104.608784
-4.0,5,104.619881
-2.0,3,104.626264
-2.0,3,104.633342
-2.0,3,104.639972
0.0,1,104.642308
-2.0,3,104.648806
-7.0,8,104.665589
-3.0,4,104.674226
-2.0,3,104.680551
-1.0,2,104.684988
-4.0,5,104.695431
0.0,1,104.697872
0.0,1,104.700341
-3.0,4,104.70863
-2.0,3,104.715092
-5.0,6,104.727927
-1.0,2,104.731938
-4.0,5,104.742386
-5.0,6,104.755402
-3.0,4,104.763825
-1.0,2,104.767875
-7.0,8,104.785056
-2.0,3,104.791437
-4.0,5,104.802145
-1.0,2,104.806614
-3.0,4,104.815158
-4.0,5,104.825654
-3.0,4,104.83422
-1.0,2,104.838742
-2.0,3,104.845018
-3.0,4,104.853266
-3.0,4,104.861669
-3.0,4,104.870225
-3.0,4,104.878181
-4.0,5,104.888976
-2.0,3,104.895239
-1.0,2,104.899614
-3.0,4,104.908052
0.0,1,104.910349
-5.0,6,104.923021
-3.0,4,104.931238
-2.0,3,104.937374
-2.0,3,104.943919
-2.0,3,104.95025
-4.0,5,104.960855
-4.0,5,104.971652
-6.0,7,104.986167
-3.0,4,104.994659
-2.0,3,105.000769
-5.0,6,105.013712
-3.0,4,105.022472
-2.0,3,105.028896
-5.0,6,105.04149
-2.0,3,105.048293
-2.0,3,105.054856
-1.0,2,105.059014
0.0,1,105.061178
-1.0,2,105.065226
-2.0,3,105.071598
-1.0,2,105.075723
-2.0,3,105.082366
-4.0,5,105.092898
-5.0,6,105.105943
-10.0,11,105.129272
-4.0,5,105.140019
-2.0,3,105.146374
-2.0,3,105.153225
-4.0,5,105.164359
-4.0,5,105.1752
-4.0,5,105.1859
-2.0,3,105.192254
-3.0,4,105.200646
-2.0,3,105.207039
0.0,1,105.209127
-4.0,5,105.220051
-3.0,4,105.228409
-2.0,3,105.234917
-4.0,5,105.245502
-1.0,2,105.249934
-3.0,4,105.257942
-6.0,7,105.273015
-1.0,2,105.277117
-1.0,2,105.281477
-3.0,4,105.289699
0.0,1,105.291905
-6.0,7,105.306142
-2.0,3,105.312547
-4.0,5,105.322603
-1.0,2,105.327063
-1.0,2,105.331426
-3.0,4,105.339926
-2.0,3,105.346148
-2.0,3,105.352342
-3.0,4,105.360709
-6.0,7,105.375545
-5.0,6,105.388619
-1.0,2,105.392745
-2.0,3,105.399171
-4.0,5,105.409763
-10.0,11,105.432851
-2.0,3,105.439198
-2.0,3,105.445516
-2.0,3,105.451633
-4.0,5,105.462355
-2.0,3,105.468669
-2.0,3,105.47473
-2.0,3,105.480935
-2.0,3,105.487322
-3.0,4,105.495821
-2.0,3,105.502515
-2.0,3,105.50929
-2.0,3,105.515622
-7.0,8,105.533217
-3.0,4,105.541487
-2.0,3,105.547694
-7.0,8,105.564468
-3.0,4,105.573055
-2.0,3,105.579341
-2.0,3,105.585842
-5.0,6,105.598749
-4.0,5,105.608992
-2.0,3,105.615726
-2.0,3,105.622015
-3.0,4,105.630328
-3.0,4,105.638859
-5.0,6,105.65171
-3.0,4,105.660217
-3.0,4,105.668595
-5.0,6,105.680886
-2.0,3,105.687431
-1.0,2,105.691744
0.0,1,105.694153
-2.0,3,105.700452
-2.0,3,105.70658
0.0,1,105.708839
-4.0,5,105.719867
-2.0,3,105.72602
-2.0,3,105.73243
-1.0,2,105.736817
-1.0,2,105.741259
-1.0,2,105.745635
-4.0,5,105.756519
-2.0,3,105.762454
-3.0,4,105.770976
-2.0,3,105.77774
-3.0,4,105.786102
-2.0,3,105.792174
-2.0,3,105.798412
-3.0,4,105.806602
-5.0,6,105.819221
-3.0,4,105.827863
-2.0,3,105.834624
-3.0,4,105.843026
-3.0,4,105.851394
-5.0,6,105.864582
-1.0,2,105.869018
-3.0,4,105.8777
-9.0,10,105.898826
-1.0,2,105.903249
-3.0,4,105.912103
-3.0,4,105.920716
-4.0,5,105.931882
-3.0,4,105.940444
-3.0,4,105.948697
-2.0,3,105.955324
-3.0,4,105.963779
-2.0,3,105.970231
-1.0,2,105.974635
-2.0,3,105.98093
-2.0,3,105.98735
-6.0,7,106.003177
-2.0,3,106.009671
-3.0,4,106.018254
-3.0,4,106.026591
-3.0,4,106.035441
-2.0,3,106.041827
0.0,1,106.044317
-2.0,3,106.05123
-3.0,4,106.059786
-6.0,7,106.07504
-3.0,4,106.083955
-7.0,8,106.101069
-2.0,3,106.107347
-3.0,4,106.115551
-3.0,4,106.123864
-3.0,4,106.132314
-1.0,2,106.136662
-3.0,4,106.145498
-1.0,2,106.149542
-3.0,4,106.158152
-3.0,4,106.166663
-2.0,3,106.173151
-2.0,3,106.179725
-4.0,5,106.190575
-3.0,4,106.199038
-3.0,4,106.207426
-3.0,4,106.215488
-1.0,2,106.219733
-3.0,4,106.228011
-2.0,3,106.234397
-2.0,3,106.240973
-1.0,2,106.245221
-3.0,4,106.253773
-2.0,3,106.260164
-2.0,3,106.266593
-6.0,7,106.281388
-2.0,3,106.287507
-3.0,4,106.296616
-6.0,7,106.31133
-4.0,5,106.322564
-3.0,4,106.331331
-3.0,4,106.3397
-3.0,4,106.348418
-1.0,2,106.352691
-6.0,7,106.367615
-5.0,6,106.379945
-5.0,6,106.392576
-3.0,4,106.401204
-4.0,5,106.411897
-8.0,9,106.431756
-1.0,2,106.436304
-3.0,4,106.444953
-6.0,7,106.459694
-3.0,4,106.46849
-3.0,4,106.476813
-4.0,5,106.486836
-2.0,3,106.49311
-3.0,4,106.526055
-3.0,4,106.534619
-3.0,4,106.543055
-4.0,5,106.554021
-2.0,3,106.560325
-3.0,4,106.56844
-1.0,2,106.572465
-5.0,6,106.584899
-2.0,3,106.591091
-5.0,6,106.604602
-3.0,4,106.61314
-5.0,6,106.625667
-6.0,7,106.640888
0.0,1,106.643079
-1.0,2,106.647537
-1.0,2,106.651576
-2.0,3,106.658114
0.0,1,106.660429
0.0,1,106.66255
-1.0,2,106.666848
-3.0,4,106.675422
-2.0,3,106.682095
-3.0,4,106.690818
-2.0,3,106.697095
-1.0,2,106.70126
-1.0,2,106.705491
-3.0,4,106.71385
-3.0,4,106.722691
0.0,1,106.724942
-1.0,2,106.729092
-4.0,5,106.739984
-4.0,5,106.751024
-3.0,4,106.759878
-5.0,6,106.772091
-1.0,2,106.776536
-1.0,2,106.780673
-3.0,4,106.789881
-3.0,4,106.798885
-5.0,6,106.811558
-1.0,2,106.81638
-1.0,2,106.820234
-2.0,3,106.826628
-3.0,4,106.835123
-4.0,5,106.845845
-1.0,2,106.850067
-3.0,4,106.858812
-4.0,5,106.869942
-4.0,5,106.880459
-1.0,2,106.884906
-2.0,3,106.891691
-1.0,2,106.896037
-2.0,3,106.902611
-4.0,5,106.913543
-5.0,6,106.926229
-4.0,5,106.936897
-4.0,5,106.947627
-2.0,3,106.954161
-7.0,8,106.970973
-1.0,2,106.975409
-3.0,4,106.984377
-2.0,3,106.990754
-3.0,4,106.999363
-4.0,5,107.010232
-3.0,4,107.018486
-4.0,5,107.028834
-3.0,4,107.037079
-2.0,3,107.043283
-2.0,3,107.049935
-4.0,5,107.060564
-1.0,2,107.064613
0.0,1,107.067081
-3.0,4,107.075359
-2.0,3,107.081752
-3.0,4,107.090442
-3.0,4,107.099133
-2.0,3,107.105459
